name,contributor_zip,total_raised
CAL FOR NC (US SENATE),02030,2800
CAL FOR NC (US SENATE),02108,3800
CAL FOR NC (US SENATE),02138,1000
CAL FOR NC (US SENATE),02144,815639.5
CAL FOR NC (US SENATE),02210,5600
CAL FOR NC (US SENATE),02465,11200
CAL FOR NC (US SENATE),02478,322
CAL FOR NC (US SENATE),02492,1000
CAL FOR NC (US SENATE),02857,500
CAL FOR NC (US SENATE),04110,500
CAL FOR NC (US SENATE),04330,500
CAL FOR NC (US SENATE),05152,500
CAL FOR NC (US SENATE),06605,250
CAL FOR NC (US SENATE),08540,250
CAL FOR NC (US SENATE),10003,1500
CAL FOR NC (US SENATE),10010,2800
CAL FOR NC (US SENATE),10011,16800
CAL FOR NC (US SENATE),10013,5600
CAL FOR NC (US SENATE),10017,8400
CAL FOR NC (US SENATE),10018,5600
CAL FOR NC (US SENATE),10019,11200
CAL FOR NC (US SENATE),10020,2800
CAL FOR NC (US SENATE),10021,22400
CAL FOR NC (US SENATE),10022,20600
CAL FOR NC (US SENATE),10023,12650
CAL FOR NC (US SENATE),10025,5600
CAL FOR NC (US SENATE),10028,12200
CAL FOR NC (US SENATE),10036,5600
CAL FOR NC (US SENATE),10065,15000
CAL FOR NC (US SENATE),10075,8400
CAL FOR NC (US SENATE),10128,7600
CAL FOR NC (US SENATE),10165,5600
CAL FOR NC (US SENATE),10522,2800
CAL FOR NC (US SENATE),10549,11522
CAL FOR NC (US SENATE),10580,500
CAL FOR NC (US SENATE),10601,11200
CAL FOR NC (US SENATE),11201,5500
CAL FOR NC (US SENATE),11216,222
CAL FOR NC (US SENATE),11217,1500
CAL FOR NC (US SENATE),11234,2500
CAL FOR NC (US SENATE),11568,11200
CAL FOR NC (US SENATE),11733,2800
CAL FOR NC (US SENATE),12303,250
CAL FOR NC (US SENATE),12601,5600
CAL FOR NC (US SENATE),20001,19000
CAL FOR NC (US SENATE),20002,3550
CAL FOR NC (US SENATE),20003,3300
CAL FOR NC (US SENATE),20005,1000
CAL FOR NC (US SENATE),20006,500
CAL FOR NC (US SENATE),20007,3000
CAL FOR NC (US SENATE),20008,14800
CAL FOR NC (US SENATE),20009,3900
CAL FOR NC (US SENATE),20015,1000
CAL FOR NC (US SENATE),20016,2500
CAL FOR NC (US SENATE),20020,500
CAL FOR NC (US SENATE),20024,250
CAL FOR NC (US SENATE),20036,500
CAL FOR NC (US SENATE),20190,1000
CAL FOR NC (US SENATE),20814,500
CAL FOR NC (US SENATE),20815,24400
CAL FOR NC (US SENATE),20816,2000
CAL FOR NC (US SENATE),20817,3500
CAL FOR NC (US SENATE),20904,500
CAL FOR NC (US SENATE),20910,500
CAL FOR NC (US SENATE),21146,225
CAL FOR NC (US SENATE),21218,250
CAL FOR NC (US SENATE),22043,2000
CAL FOR NC (US SENATE),22044,1000
CAL FOR NC (US SENATE),22101,500
CAL FOR NC (US SENATE),22201,1000
CAL FOR NC (US SENATE),22204,500
CAL FOR NC (US SENATE),22207,4500
CAL FOR NC (US SENATE),22301,1375
CAL FOR NC (US SENATE),22302,1250
CAL FOR NC (US SENATE),22305,500
CAL FOR NC (US SENATE),22306,1000
CAL FOR NC (US SENATE),22307,500
CAL FOR NC (US SENATE),22308,250
CAL FOR NC (US SENATE),24450,210
CAL FOR NC (US SENATE),27006,910
CAL FOR NC (US SENATE),27010,800
CAL FOR NC (US SENATE),27012,500
CAL FOR NC (US SENATE),27023,1900
CAL FOR NC (US SENATE),27028,1000
CAL FOR NC (US SENATE),27101,5766.65
CAL FOR NC (US SENATE),27102,500
CAL FOR NC (US SENATE),27103,6050
CAL FOR NC (US SENATE),27104,23100
CAL FOR NC (US SENATE),27106,11816.65
CAL FOR NC (US SENATE),27114,500
CAL FOR NC (US SENATE),27127,15850
CAL FOR NC (US SENATE),27203,150
CAL FOR NC (US SENATE),27214,2800
CAL FOR NC (US SENATE),27215,250
CAL FOR NC (US SENATE),27239,500
CAL FOR NC (US SENATE),27265,631
CAL FOR NC (US SENATE),27278,1122.5
CAL FOR NC (US SENATE),27292,20500
CAL FOR NC (US SENATE),27293,1000
CAL FOR NC (US SENATE),27312,6650
CAL FOR NC (US SENATE),27360,500
CAL FOR NC (US SENATE),27371,250
CAL FOR NC (US SENATE),27377,500
CAL FOR NC (US SENATE),27401,450
CAL FOR NC (US SENATE),27402,2800
CAL FOR NC (US SENATE),27403,2500
CAL FOR NC (US SENATE),27406,435
CAL FOR NC (US SENATE),27408,10289.6
CAL FOR NC (US SENATE),27409,1000
CAL FOR NC (US SENATE),27410,7925
CAL FOR NC (US SENATE),27419,2800
CAL FOR NC (US SENATE),27420,2800
CAL FOR NC (US SENATE),27429,1000
CAL FOR NC (US SENATE),27455,9045
CAL FOR NC (US SENATE),27510,1250
CAL FOR NC (US SENATE),27511,3600
CAL FOR NC (US SENATE),27513,400
CAL FOR NC (US SENATE),27514,15945
CAL FOR NC (US SENATE),27515,500
CAL FOR NC (US SENATE),27516,4665
CAL FOR NC (US SENATE),27517,25320
CAL FOR NC (US SENATE),27518,250
CAL FOR NC (US SENATE),27519,1230
CAL FOR NC (US SENATE),27521,500
CAL FOR NC (US SENATE),27523,250
CAL FOR NC (US SENATE),27532,250
CAL FOR NC (US SENATE),27534,1000
CAL FOR NC (US SENATE),27537,250
CAL FOR NC (US SENATE),27539,250
CAL FOR NC (US SENATE),27540,500
CAL FOR NC (US SENATE),27545,2500
CAL FOR NC (US SENATE),27560,750
CAL FOR NC (US SENATE),27565,2800
CAL FOR NC (US SENATE),27577,250
CAL FOR NC (US SENATE),27587,5850
CAL FOR NC (US SENATE),27601,1550
CAL FOR NC (US SENATE),27602,500
CAL FOR NC (US SENATE),27603,1000
CAL FOR NC (US SENATE),27604,4500
CAL FOR NC (US SENATE),27605,11575
CAL FOR NC (US SENATE),27606,9155
CAL FOR NC (US SENATE),27607,1500
CAL FOR NC (US SENATE),27608,32912.5
CAL FOR NC (US SENATE),27609,35800
CAL FOR NC (US SENATE),27610,1000
CAL FOR NC (US SENATE),27612,11200
CAL FOR NC (US SENATE),27613,2157
CAL FOR NC (US SENATE),27614,15750
CAL FOR NC (US SENATE),27615,6950
CAL FOR NC (US SENATE),27616,500
CAL FOR NC (US SENATE),27617,225
CAL FOR NC (US SENATE),27701,6050
CAL FOR NC (US SENATE),27705,7075
CAL FOR NC (US SENATE),27707,5475
CAL FOR NC (US SENATE),27710,305
CAL FOR NC (US SENATE),27712,250
CAL FOR NC (US SENATE),27713,6850
CAL FOR NC (US SENATE),27803,300
CAL FOR NC (US SENATE),27851,1000
CAL FOR NC (US SENATE),27864,5600
CAL FOR NC (US SENATE),27893,1200
CAL FOR NC (US SENATE),27894,500
CAL FOR NC (US SENATE),27954,600
CAL FOR NC (US SENATE),27959,500
CAL FOR NC (US SENATE),28001,1000
CAL FOR NC (US SENATE),28012,250
CAL FOR NC (US SENATE),28025,800
CAL FOR NC (US SENATE),28075,1000
CAL FOR NC (US SENATE),28144,8600
CAL FOR NC (US SENATE),28147,650
CAL FOR NC (US SENATE),28164,1060
CAL FOR NC (US SENATE),28202,2025
CAL FOR NC (US SENATE),28203,17050
CAL FOR NC (US SENATE),28204,275
CAL FOR NC (US SENATE),28205,3300
CAL FOR NC (US SENATE),28207,1900
CAL FOR NC (US SENATE),28209,4020
CAL FOR NC (US SENATE),28210,2125
CAL FOR NC (US SENATE),28211,250
CAL FOR NC (US SENATE),28212,250
CAL FOR NC (US SENATE),28226,750
CAL FOR NC (US SENATE),28277,1250
CAL FOR NC (US SENATE),28278,17050
CAL FOR NC (US SENATE),28301,275
CAL FOR NC (US SENATE),28302,1500
CAL FOR NC (US SENATE),28304,250
CAL FOR NC (US SENATE),28315,500
CAL FOR NC (US SENATE),28328,500
CAL FOR NC (US SENATE),28334,250
CAL FOR NC (US SENATE),28352,222
CAL FOR NC (US SENATE),28374,260
CAL FOR NC (US SENATE),28387,1000
CAL FOR NC (US SENATE),28403,525
CAL FOR NC (US SENATE),28412,400
CAL FOR NC (US SENATE),28443,500
CAL FOR NC (US SENATE),28445,500
CAL FOR NC (US SENATE),28449,500
CAL FOR NC (US SENATE),28461,400
CAL FOR NC (US SENATE),28504,3050
CAL FOR NC (US SENATE),28562,1575
CAL FOR NC (US SENATE),28594,250
CAL FOR NC (US SENATE),28601,1500
CAL FOR NC (US SENATE),28605,2800
CAL FOR NC (US SENATE),28607,300
CAL FOR NC (US SENATE),28621,450
CAL FOR NC (US SENATE),28625,250
CAL FOR NC (US SENATE),28645,2000
CAL FOR NC (US SENATE),28659,550
CAL FOR NC (US SENATE),28673,175
CAL FOR NC (US SENATE),28677,6800
CAL FOR NC (US SENATE),28681,500
CAL FOR NC (US SENATE),28691,1000
CAL FOR NC (US SENATE),28712,420
CAL FOR NC (US SENATE),28714,350
CAL FOR NC (US SENATE),28716,5600
CAL FOR NC (US SENATE),28730,500
CAL FOR NC (US SENATE),28731,500
CAL FOR NC (US SENATE),28734,250
CAL FOR NC (US SENATE),28741,250
CAL FOR NC (US SENATE),28757,175
CAL FOR NC (US SENATE),28787,255
CAL FOR NC (US SENATE),28792,425
CAL FOR NC (US SENATE),28801,1250
CAL FOR NC (US SENATE),28803,700
CAL FOR NC (US SENATE),28804,8425
CAL FOR NC (US SENATE),28806,1000
CAL FOR NC (US SENATE),29572,1000
CAL FOR NC (US SENATE),29585,2500
CAL FOR NC (US SENATE),29841,250
CAL FOR NC (US SENATE),30305,250
CAL FOR NC (US SENATE),30606,1000
CAL FOR NC (US SENATE),33040,1000
CAL FOR NC (US SENATE),33435,300
CAL FOR NC (US SENATE),33483,350
CAL FOR NC (US SENATE),33556,1250
CAL FOR NC (US SENATE),33921,5600
CAL FOR NC (US SENATE),37401,1250
CAL FOR NC (US SENATE),60091,11200
CAL FOR NC (US SENATE),60102,250
CAL FOR NC (US SENATE),60602,1000
CAL FOR NC (US SENATE),60611,5600
CAL FOR NC (US SENATE),66213,250
CAL FOR NC (US SENATE),75036,350
CAL FOR NC (US SENATE),75219,11200
CAL FOR NC (US SENATE),78209,950
CAL FOR NC (US SENATE),78708,5600
CAL FOR NC (US SENATE),78746,500
CAL FOR NC (US SENATE),80501,500
CAL FOR NC (US SENATE),83843,1000
CAL FOR NC (US SENATE),85718,575
CAL FOR NC (US SENATE),87501,1000
CAL FOR NC (US SENATE),89101,216
CAL FOR NC (US SENATE),89519,1000
CAL FOR NC (US SENATE),90025,8400
CAL FOR NC (US SENATE),90049,8650
CAL FOR NC (US SENATE),90067,2800
CAL FOR NC (US SENATE),90077,1000
CAL FOR NC (US SENATE),90210,8100
CAL FOR NC (US SENATE),90211,2800
CAL FOR NC (US SENATE),90212,500
CAL FOR NC (US SENATE),90275,4800
CAL FOR NC (US SENATE),90402,11200
CAL FOR NC (US SENATE),90403,500
CAL FOR NC (US SENATE),91326,2800
CAL FOR NC (US SENATE),91356,2800
CAL FOR NC (US SENATE),91364,1000
CAL FOR NC (US SENATE),92037,250
CAL FOR NC (US SENATE),93108,522.5
CAL FOR NC (US SENATE),93721,5600
CAL FOR NC (US SENATE),94023,2800
CAL FOR NC (US SENATE),94024,250
CAL FOR NC (US SENATE),94027,5600
CAL FOR NC (US SENATE),94041,2800
CAL FOR NC (US SENATE),94070,1000
CAL FOR NC (US SENATE),94105,2800
CAL FOR NC (US SENATE),94129,5600
CAL FOR NC (US SENATE),94595,1000
CAL FOR NC (US SENATE),94602,1000
CAL FOR NC (US SENATE),94610,500
CAL FOR NC (US SENATE),94611,11200
CAL FOR NC (US SENATE),94705,1000
CAL FOR NC (US SENATE),94903,250
CAL FOR NC (US SENATE),94920,2800
CAL FOR NC (US SENATE),94960,250
CAL FOR NC (US SENATE),95822,500
CAL FOR NC (US SENATE),98105,400
ERICA FOR US,01201,20
ERICA FOR US,01602,100
ERICA FOR US,02119,12.5
ERICA FOR US,02140,50
ERICA FOR US,02155,20
ERICA FOR US,05408,20
ERICA FOR US,05486,2.5
ERICA FOR US,06106,3500
ERICA FOR US,06811,2.5
ERICA FOR US,07023,250
ERICA FOR US,07649,100
ERICA FOR US,10019,6.25
ERICA FOR US,10023,35
ERICA FOR US,10024,15
ERICA FOR US,10025,25
ERICA FOR US,10027,25
ERICA FOR US,10031,6.25
ERICA FOR US,10035,3.82
ERICA FOR US,10465,3.75
ERICA FOR US,10918,10
ERICA FOR US,11101,22.5
ERICA FOR US,11203,1
ERICA FOR US,11205,100
ERICA FOR US,11206,13
ERICA FOR US,11209,12.5
ERICA FOR US,11211,26.25
ERICA FOR US,11212,10
ERICA FOR US,11213,1.75
ERICA FOR US,11215,5
ERICA FOR US,11221,8.75
ERICA FOR US,11222,2.5
ERICA FOR US,11223,10
ERICA FOR US,11226,47.5
ERICA FOR US,11230,10
ERICA FOR US,11231,1250
ERICA FOR US,11232,5
ERICA FOR US,11233,6.25
ERICA FOR US,11238,22.5
ERICA FOR US,11365,5.5
ERICA FOR US,11372,11.25
ERICA FOR US,11377,1.25
ERICA FOR US,11415,6.25
ERICA FOR US,11937,25
ERICA FOR US,11949,2.5
ERICA FOR US,12047,5
ERICA FOR US,12180,20
ERICA FOR US,12561,25
ERICA FOR US,12827,100
ERICA FOR US,12847,5
ERICA FOR US,13068,2.5
ERICA FOR US,13207,2.5
ERICA FOR US,14425,50
ERICA FOR US,14468,3
ERICA FOR US,14609,20
ERICA FOR US,14886,250
ERICA FOR US,15084,5
ERICA FOR US,15116,10
ERICA FOR US,18032,2800
ERICA FOR US,18042,50
ERICA FOR US,18370,20
ERICA FOR US,19102,2800
ERICA FOR US,19103,100
ERICA FOR US,19123,6.25
ERICA FOR US,19144,25
ERICA FOR US,19146,6.25
ERICA FOR US,19147,5
ERICA FOR US,20008,10
ERICA FOR US,20012,25
ERICA FOR US,20017,10
ERICA FOR US,20020,10
ERICA FOR US,20115,15
ERICA FOR US,20175,20
ERICA FOR US,20176,2000
ERICA FOR US,20707,6.25
ERICA FOR US,20720,100
ERICA FOR US,20723,2.5
ERICA FOR US,20746,20
ERICA FOR US,20772,5
ERICA FOR US,20774,3
ERICA FOR US,20814,20
ERICA FOR US,20852,2.5
ERICA FOR US,20854,20
ERICA FOR US,20902,50
ERICA FOR US,20912,125
ERICA FOR US,21044,20
ERICA FOR US,21212,100
ERICA FOR US,21218,2.5
ERICA FOR US,22304,10
ERICA FOR US,22311,100
ERICA FOR US,22315,100
ERICA FOR US,22503,12.5
ERICA FOR US,23221,25
ERICA FOR US,23322,70
ERICA FOR US,23664,100
ERICA FOR US,23669,2800
ERICA FOR US,23701,50
ERICA FOR US,23805,100
ERICA FOR US,23832,1300
ERICA FOR US,23847,55
ERICA FOR US,24092,6.25
ERICA FOR US,26166,1500
ERICA FOR US,27012,65
ERICA FOR US,27013,10
ERICA FOR US,27040,50
ERICA FOR US,27101,25
ERICA FOR US,27103,200
ERICA FOR US,27104,151.5
ERICA FOR US,27106,147.5
ERICA FOR US,27107,20.2
ERICA FOR US,27215,175
ERICA FOR US,27217,20
ERICA FOR US,27265,50
ERICA FOR US,27278,52
ERICA FOR US,27282,160
ERICA FOR US,27302,45
ERICA FOR US,27312,130
ERICA FOR US,27344,60
ERICA FOR US,27360,20
ERICA FOR US,27377,90
ERICA FOR US,27403,50
ERICA FOR US,27406,50
ERICA FOR US,27407,10
ERICA FOR US,27409,18.37
ERICA FOR US,27410,50
ERICA FOR US,27455,100
ERICA FOR US,27466,100
ERICA FOR US,27502,635
ERICA FOR US,27510,372
ERICA FOR US,27511,35
ERICA FOR US,27513,172.65
ERICA FOR US,27514,275
ERICA FOR US,27516,365
ERICA FOR US,27517,1928
ERICA FOR US,27518,89
ERICA FOR US,27519,145
ERICA FOR US,27520,30
ERICA FOR US,27523,205
ERICA FOR US,27526,167.5
ERICA FOR US,27527,175
ERICA FOR US,27529,160
ERICA FOR US,27530,25
ERICA FOR US,27534,210
ERICA FOR US,27536,3750
ERICA FOR US,27537,95
ERICA FOR US,27539,45
ERICA FOR US,27540,130
ERICA FOR US,27545,25
ERICA FOR US,27546,25
ERICA FOR US,27549,10
ERICA FOR US,27560,160
ERICA FOR US,27563,25
ERICA FOR US,27574,5600
ERICA FOR US,27576,1000
ERICA FOR US,27587,240
ERICA FOR US,27589,850
ERICA FOR US,27591,25
ERICA FOR US,27596,150
ERICA FOR US,27597,20
ERICA FOR US,27601,200
ERICA FOR US,27603,210
ERICA FOR US,27604,1330
ERICA FOR US,27605,2670
ERICA FOR US,27606,916
ERICA FOR US,27607,60
ERICA FOR US,27608,75
ERICA FOR US,27609,360
ERICA FOR US,27610,235
ERICA FOR US,27612,3440
ERICA FOR US,27613,393.5
ERICA FOR US,27614,1370
ERICA FOR US,27615,10
ERICA FOR US,27616,625
ERICA FOR US,27617,273
ERICA FOR US,27699,50
ERICA FOR US,27701,315
ERICA FOR US,27703,543.2
ERICA FOR US,27704,235
ERICA FOR US,27705,1007.5
ERICA FOR US,27707,490.2
ERICA FOR US,27709,100
ERICA FOR US,27712,150
ERICA FOR US,27713,845
ERICA FOR US,27801,45
ERICA FOR US,27803,75
ERICA FOR US,27804,250
ERICA FOR US,27817,50
ERICA FOR US,27828,15
ERICA FOR US,27831,3020
ERICA FOR US,27832,10465
ERICA FOR US,27834,25
ERICA FOR US,27839,95.2
ERICA FOR US,27842,7100
ERICA FOR US,27850,3400.2
ERICA FOR US,27856,225
ERICA FOR US,27858,140
ERICA FOR US,27863,10
ERICA FOR US,27867,50
ERICA FOR US,27870,10340
ERICA FOR US,27872,100
ERICA FOR US,27886,145
ERICA FOR US,27889,95
ERICA FOR US,27890,225
ERICA FOR US,27892,50
ERICA FOR US,27897,25
ERICA FOR US,27910,100
ERICA FOR US,27928,1025
ERICA FOR US,27932,16404.4
ERICA FOR US,27937,100
ERICA FOR US,27938,20
ERICA FOR US,27949,325
ERICA FOR US,28018,25
ERICA FOR US,28025,10
ERICA FOR US,28026,100
ERICA FOR US,28027,125
ERICA FOR US,28037,25
ERICA FOR US,28043,100
ERICA FOR US,28054,25
ERICA FOR US,28078,25
ERICA FOR US,28079,25
ERICA FOR US,28081,100
ERICA FOR US,28104,5
ERICA FOR US,28117,25
ERICA FOR US,28124,1
ERICA FOR US,28146,100
ERICA FOR US,28147,10
ERICA FOR US,28150,20
ERICA FOR US,28163,30
ERICA FOR US,28166,1700
ERICA FOR US,28173,10
ERICA FOR US,28202,25
ERICA FOR US,28203,25
ERICA FOR US,28205,115
ERICA FOR US,28210,75
ERICA FOR US,28211,100
ERICA FOR US,28216,210
ERICA FOR US,28226,125
ERICA FOR US,28227,25
ERICA FOR US,28269,100
ERICA FOR US,28270,103.75
ERICA FOR US,28277,15
ERICA FOR US,28301,100
ERICA FOR US,28304,30
ERICA FOR US,28306,5
ERICA FOR US,28307,10
ERICA FOR US,28311,125
ERICA FOR US,28334,25
ERICA FOR US,28374,35
ERICA FOR US,28396,25
ERICA FOR US,28401,65
ERICA FOR US,28403,25
ERICA FOR US,28405,275
ERICA FOR US,28409,125
ERICA FOR US,28411,25
ERICA FOR US,28412,160
ERICA FOR US,28422,10
ERICA FOR US,28429,100
ERICA FOR US,28451,15
ERICA FOR US,28465,20
ERICA FOR US,28469,10
ERICA FOR US,28470,15
ERICA FOR US,28480,5300
ERICA FOR US,28501,115
ERICA FOR US,28504,200
ERICA FOR US,28510,166
ERICA FOR US,28512,85
ERICA FOR US,28516,125
ERICA FOR US,28532,250
ERICA FOR US,28540,32
ERICA FOR US,28560,1012
ERICA FOR US,28561,25
ERICA FOR US,28562,2529
ERICA FOR US,28563,175
ERICA FOR US,28571,170
ERICA FOR US,28573,135
ERICA FOR US,28580,250
ERICA FOR US,28584,10
ERICA FOR US,28590,250
ERICA FOR US,28594,170
ERICA FOR US,28607,45
ERICA FOR US,28613,25
ERICA FOR US,28625,1
ERICA FOR US,28645,50
ERICA FOR US,28676,25
ERICA FOR US,28711,50
ERICA FOR US,28712,120
ERICA FOR US,28715,176.25
ERICA FOR US,28716,60
ERICA FOR US,28741,15
ERICA FOR US,28744,30
ERICA FOR US,28748,40
ERICA FOR US,28751,25
ERICA FOR US,28753,50
ERICA FOR US,28754,100
ERICA FOR US,28778,20
ERICA FOR US,28781,25
ERICA FOR US,28785,20
ERICA FOR US,28786,50
ERICA FOR US,28801,175
ERICA FOR US,28802,25
ERICA FOR US,28803,280
ERICA FOR US,28804,185
ERICA FOR US,28805,20
ERICA FOR US,28806,362.5
ERICA FOR US,28902,50
ERICA FOR US,28904,50
ERICA FOR US,28906,615
ERICA FOR US,28909,15
ERICA FOR US,29115,20
ERICA FOR US,29210,10
ERICA FOR US,29562,35
ERICA FOR US,29910,1.28
ERICA FOR US,30033,6.25
ERICA FOR US,30039,75
ERICA FOR US,30062,100
ERICA FOR US,30082,5
ERICA FOR US,30102,6.25
ERICA FOR US,30248,2.5
ERICA FOR US,30296,50
ERICA FOR US,30309,100
ERICA FOR US,30312,275
ERICA FOR US,30329,125
ERICA FOR US,30360,3
ERICA FOR US,30559,100
ERICA FOR US,30606,6.25
ERICA FOR US,30609,6.25
ERICA FOR US,31401,5
ERICA FOR US,32092,25
ERICA FOR US,32257,10
ERICA FOR US,32303,100
ERICA FOR US,32310,10
ERICA FOR US,32601,10
ERICA FOR US,32607,20.2
ERICA FOR US,32725,2.5
ERICA FOR US,32855,5
ERICA FOR US,33311,20
ERICA FOR US,33467,25
ERICA FOR US,33701,6.25
ERICA FOR US,33705,100
ERICA FOR US,33713,5
ERICA FOR US,33903,100
ERICA FOR US,34285,20
ERICA FOR US,34482,6.25
ERICA FOR US,37122,30
ERICA FOR US,37221,25
ERICA FOR US,37664,25
ERICA FOR US,37701,2.5
ERICA FOR US,38104,125
ERICA FOR US,39470,5
ERICA FOR US,40014,6.25
ERICA FOR US,40065,25
ERICA FOR US,43019,6.25
ERICA FOR US,43162,100
ERICA FOR US,43221,2.5
ERICA FOR US,44053,2.5
ERICA FOR US,44240,100
ERICA FOR US,45241,500
ERICA FOR US,45387,12.5
ERICA FOR US,45503,2.5
ERICA FOR US,46032,20
ERICA FOR US,46220,5
ERICA FOR US,46228,2.5
ERICA FOR US,46268,25
ERICA FOR US,48085,35
ERICA FOR US,48301,10
ERICA FOR US,48334,1000
ERICA FOR US,48473,20
ERICA FOR US,48603,6.25
ERICA FOR US,48843,5
ERICA FOR US,49006,2.5
ERICA FOR US,49418,25
ERICA FOR US,52802,5
ERICA FOR US,53202,30
ERICA FOR US,53578,25
ERICA FOR US,53705,30
ERICA FOR US,55337,10
ERICA FOR US,55345,100
ERICA FOR US,55407,22.5
ERICA FOR US,55412,10
ERICA FOR US,55414,15
ERICA FOR US,55418,3
ERICA FOR US,55441,18
ERICA FOR US,56283,2.5
ERICA FOR US,60540,20
ERICA FOR US,60608,25
ERICA FOR US,60609,6.25
ERICA FOR US,60610,5
ERICA FOR US,60614,25
ERICA FOR US,60618,15
ERICA FOR US,60622,50
ERICA FOR US,60626,10
ERICA FOR US,60640,20
ERICA FOR US,62522,40
ERICA FOR US,63117,5
ERICA FOR US,63385,5
ERICA FOR US,64109,3
ERICA FOR US,65737,25
ERICA FOR US,66604,10
ERICA FOR US,67235,10
ERICA FOR US,68116,6.15
ERICA FOR US,70115,20
ERICA FOR US,71949,100
ERICA FOR US,72205,5
ERICA FOR US,72207,2.5
ERICA FOR US,72713,2.5
ERICA FOR US,72714,2.5
ERICA FOR US,72715,2.5
ERICA FOR US,73505,50
ERICA FOR US,75087,5
ERICA FOR US,75240,25
ERICA FOR US,75243,2
ERICA FOR US,75244,2.5
ERICA FOR US,76012,200
ERICA FOR US,76104,2
ERICA FOR US,76179,50
ERICA FOR US,77008,5
ERICA FOR US,77043,10
ERICA FOR US,77046,50
ERICA FOR US,77373,6.25
ERICA FOR US,77396,25
ERICA FOR US,77450,12.5
ERICA FOR US,78209,2.5
ERICA FOR US,78238,6.25
ERICA FOR US,78261,25
ERICA FOR US,78612,2.5
ERICA FOR US,78703,25
ERICA FOR US,78751,50
ERICA FOR US,78758,6.25
ERICA FOR US,80010,15
ERICA FOR US,80023,100
ERICA FOR US,80113,25
ERICA FOR US,80121,25
ERICA FOR US,80203,10
ERICA FOR US,80206,5
ERICA FOR US,80249,4
ERICA FOR US,80304,6.25
ERICA FOR US,80919,12.5
ERICA FOR US,83440,3.75
ERICA FOR US,83646,100
ERICA FOR US,84088,5
ERICA FOR US,84120,2.5
ERICA FOR US,84606,4
ERICA FOR US,85022,100
ERICA FOR US,85050,50
ERICA FOR US,85225,50
ERICA FOR US,85259,6.25
ERICA FOR US,85339,6.25
ERICA FOR US,85712,2.5
ERICA FOR US,85716,21.74
ERICA FOR US,86315,10
ERICA FOR US,86336,50
ERICA FOR US,87102,25
ERICA FOR US,88011,3
ERICA FOR US,89119,55
ERICA FOR US,90006,25
ERICA FOR US,90024,25
ERICA FOR US,90026,2.5
ERICA FOR US,90029,3
ERICA FOR US,90033,5
ERICA FOR US,90034,12.5
ERICA FOR US,90036,2.5
ERICA FOR US,90041,6.25
ERICA FOR US,90046,12.5
ERICA FOR US,90047,1.25
ERICA FOR US,90049,6.25
ERICA FOR US,90064,20
ERICA FOR US,90068,5
ERICA FOR US,90210,2.5
ERICA FOR US,90212,5
ERICA FOR US,90292,50
ERICA FOR US,90402,72.5
ERICA FOR US,90802,2.5
ERICA FOR US,90807,4
ERICA FOR US,91104,25
ERICA FOR US,91214,2.5
ERICA FOR US,91311,2.5
ERICA FOR US,91342,5
ERICA FOR US,91350,3
ERICA FOR US,91356,5
ERICA FOR US,91367,200
ERICA FOR US,91406,10
ERICA FOR US,91423,1.25
ERICA FOR US,91504,10
ERICA FOR US,91505,6.25
ERICA FOR US,91711,25
ERICA FOR US,91761,12.5
ERICA FOR US,91786,5
ERICA FOR US,91911,20
ERICA FOR US,91915,10
ERICA FOR US,92064,5
ERICA FOR US,92103,6
ERICA FOR US,92114,3
ERICA FOR US,92116,5
ERICA FOR US,92122,5
ERICA FOR US,92276,5
ERICA FOR US,92620,50
ERICA FOR US,92656,20
ERICA FOR US,92662,10
ERICA FOR US,92708,3.75
ERICA FOR US,92870,5
ERICA FOR US,93004,2.5
ERICA FOR US,93010,2.5
ERICA FOR US,93060,6.25
ERICA FOR US,93117,25
ERICA FOR US,93306,20
ERICA FOR US,93401,2.5
ERICA FOR US,93430,10
ERICA FOR US,93444,10
ERICA FOR US,93923,54.11
ERICA FOR US,94002,20
ERICA FOR US,94022,100
ERICA FOR US,94025,10
ERICA FOR US,94041,3.22
ERICA FOR US,94061,74
ERICA FOR US,94102,39
ERICA FOR US,94109,5
ERICA FOR US,94110,36.25
ERICA FOR US,94112,12.5
ERICA FOR US,94114,76.25
ERICA FOR US,94117,8.75
ERICA FOR US,94130,2.5
ERICA FOR US,94134,6.25
ERICA FOR US,94301,156.25
ERICA FOR US,94533,200
ERICA FOR US,94558,6.25
ERICA FOR US,94607,25
ERICA FOR US,94702,22.75
ERICA FOR US,94703,2.5
ERICA FOR US,94706,10
ERICA FOR US,94710,6.32
ERICA FOR US,94801,2.5
ERICA FOR US,94925,25
ERICA FOR US,95004,20
ERICA FOR US,95006,6.25
ERICA FOR US,95030,50
ERICA FOR US,95062,10
ERICA FOR US,95065,12.5
ERICA FOR US,95112,25
ERICA FOR US,95128,20.2
ERICA FOR US,95129,10
ERICA FOR US,95405,6.25
ERICA FOR US,95524,2.5
ERICA FOR US,95757,25
ERICA FOR US,95815,12.5
ERICA FOR US,95822,99.99
ERICA FOR US,95841,5
ERICA FOR US,95991,20
ERICA FOR US,96349,25
ERICA FOR US,96572,6.25
ERICA FOR US,97202,1000
ERICA FOR US,97206,5
ERICA FOR US,97209,10
ERICA FOR US,97214,21.25
ERICA FOR US,97217,6.25
ERICA FOR US,97219,6.25
ERICA FOR US,97222,12.5
ERICA FOR US,97229,4
ERICA FOR US,97266,6.25
ERICA FOR US,97269,6.25
ERICA FOR US,97364,2.5
ERICA FOR US,97401,10
ERICA FOR US,97404,6.25
ERICA FOR US,98008,2.5
ERICA FOR US,98033,2.5
ERICA FOR US,98070,25
ERICA FOR US,98079,25
ERICA FOR US,98102,12.5
ERICA FOR US,98109,6.25
ERICA FOR US,98115,35.5
ERICA FOR US,98118,5
ERICA FOR US,98119,112.5
ERICA FOR US,98177,22.5
ERICA FOR US,98229,3
ERICA FOR US,98387,6.25
ERICA FOR US,98499,20
ERICA FOR US,98684,5
ERICA FOR US,99163,20
ERICA FOR US,99336,25
ERICA FOR US,99611,100
ERICA FOR US,NA,20730.28
FULLER FOR NORTH CAROLINA,02114,500
FULLER FOR NORTH CAROLINA,14203,300
FULLER FOR NORTH CAROLINA,14215,1500
FULLER FOR NORTH CAROLINA,14221,1000
FULLER FOR NORTH CAROLINA,28104,2000
FULLER FOR NORTH CAROLINA,28105,500
FULLER FOR NORTH CAROLINA,28173,1500
FULLER FOR NORTH CAROLINA,28202,500
FULLER FOR NORTH CAROLINA,28206,1500
FULLER FOR NORTH CAROLINA,28207,1000
FULLER FOR NORTH CAROLINA,28208,1500
FULLER FOR NORTH CAROLINA,28210,1500
FULLER FOR NORTH CAROLINA,28211,1150
FULLER FOR NORTH CAROLINA,28215,750
FULLER FOR NORTH CAROLINA,28226,1000
FULLER FOR NORTH CAROLINA,28227,750
FULLER FOR NORTH CAROLINA,28230,1000
FULLER FOR NORTH CAROLINA,28269,250
FULLER FOR NORTH CAROLINA,28270,1500
FULLER FOR NORTH CAROLINA,28271,2000
FULLER FOR NORTH CAROLINA,28277,1500
FULLER FOR NORTH CAROLINA,28278,500
FULLER FOR NORTH CAROLINA,28480,1500
FULLER FOR NORTH CAROLINA,28504,250
FULLER FOR NORTH CAROLINA,29707,500
GARLAND TUCKER FOR SENATE,02108,500
GARLAND TUCKER FOR SENATE,10019,2800
GARLAND TUCKER FOR SENATE,10021,2800
GARLAND TUCKER FOR SENATE,10292,2800
GARLAND TUCKER FOR SENATE,15143,2000
GARLAND TUCKER FOR SENATE,20009,2200
GARLAND TUCKER FOR SENATE,21202,2800
GARLAND TUCKER FOR SENATE,23226,1000
GARLAND TUCKER FOR SENATE,24450,500
GARLAND TUCKER FOR SENATE,27006,1250
GARLAND TUCKER FOR SENATE,27012,965
GARLAND TUCKER FOR SENATE,27017,250
GARLAND TUCKER FOR SENATE,27023,3050
GARLAND TUCKER FOR SENATE,27027,1100
GARLAND TUCKER FOR SENATE,27101,50
GARLAND TUCKER FOR SENATE,27103,2800
GARLAND TUCKER FOR SENATE,27104,11050
GARLAND TUCKER FOR SENATE,27106,2825
GARLAND TUCKER FOR SENATE,27114,2800
GARLAND TUCKER FOR SENATE,27203,700
GARLAND TUCKER FOR SENATE,27205,3750
GARLAND TUCKER FOR SENATE,27207,150
GARLAND TUCKER FOR SENATE,27215,900
GARLAND TUCKER FOR SENATE,27253,500
GARLAND TUCKER FOR SENATE,27260,1000
GARLAND TUCKER FOR SENATE,27262,5100
GARLAND TUCKER FOR SENATE,27265,625
GARLAND TUCKER FOR SENATE,27278,250
GARLAND TUCKER FOR SENATE,27302,100
GARLAND TUCKER FOR SENATE,27312,2800
GARLAND TUCKER FOR SENATE,27320,1000
GARLAND TUCKER FOR SENATE,27330,250
GARLAND TUCKER FOR SENATE,27344,350
GARLAND TUCKER FOR SENATE,27360,500
GARLAND TUCKER FOR SENATE,27370,800
GARLAND TUCKER FOR SENATE,27402,1500
GARLAND TUCKER FOR SENATE,27403,500
GARLAND TUCKER FOR SENATE,27405,250
GARLAND TUCKER FOR SENATE,27406,250
GARLAND TUCKER FOR SENATE,27407,1750
GARLAND TUCKER FOR SENATE,27408,10694.28
GARLAND TUCKER FOR SENATE,27410,850
GARLAND TUCKER FOR SENATE,27415,250
GARLAND TUCKER FOR SENATE,27429,500
GARLAND TUCKER FOR SENATE,27455,3725
GARLAND TUCKER FOR SENATE,27502,100
GARLAND TUCKER FOR SENATE,27511,375
GARLAND TUCKER FOR SENATE,27513,375
GARLAND TUCKER FOR SENATE,27514,375
GARLAND TUCKER FOR SENATE,27515,1750
GARLAND TUCKER FOR SENATE,27516,2625
GARLAND TUCKER FOR SENATE,27517,3300
GARLAND TUCKER FOR SENATE,27518,15050
GARLAND TUCKER FOR SENATE,27519,3050
GARLAND TUCKER FOR SENATE,27522,250
GARLAND TUCKER FOR SENATE,27526,7200
GARLAND TUCKER FOR SENATE,27527,250
GARLAND TUCKER FOR SENATE,27529,1600
GARLAND TUCKER FOR SENATE,27530,1250
GARLAND TUCKER FOR SENATE,27534,750
GARLAND TUCKER FOR SENATE,27539,500
GARLAND TUCKER FOR SENATE,27540,875
GARLAND TUCKER FOR SENATE,27545,300
GARLAND TUCKER FOR SENATE,27549,125
GARLAND TUCKER FOR SENATE,27560,250
GARLAND TUCKER FOR SENATE,27565,325
GARLAND TUCKER FOR SENATE,27577,775
GARLAND TUCKER FOR SENATE,27587,1100
GARLAND TUCKER FOR SENATE,27591,300
GARLAND TUCKER FOR SENATE,27597,975
GARLAND TUCKER FOR SENATE,27602,3500
GARLAND TUCKER FOR SENATE,27603,1450
GARLAND TUCKER FOR SENATE,27604,500
GARLAND TUCKER FOR SENATE,27605,3800
GARLAND TUCKER FOR SENATE,27606,3500
GARLAND TUCKER FOR SENATE,27607,15650
GARLAND TUCKER FOR SENATE,27608,61325
GARLAND TUCKER FOR SENATE,27609,54800
GARLAND TUCKER FOR SENATE,27610,700
GARLAND TUCKER FOR SENATE,27612,25125
GARLAND TUCKER FOR SENATE,27613,2500
GARLAND TUCKER FOR SENATE,27614,6800
GARLAND TUCKER FOR SENATE,27615,18010
GARLAND TUCKER FOR SENATE,27616,5600
GARLAND TUCKER FOR SENATE,27619,2050
GARLAND TUCKER FOR SENATE,27624,5000
GARLAND TUCKER FOR SENATE,27701,75
GARLAND TUCKER FOR SENATE,27705,3800
GARLAND TUCKER FOR SENATE,27707,100
GARLAND TUCKER FOR SENATE,27713,350
GARLAND TUCKER FOR SENATE,27715,250
GARLAND TUCKER FOR SENATE,27803,2285.44
GARLAND TUCKER FOR SENATE,27804,4225
GARLAND TUCKER FOR SENATE,27822,1000
GARLAND TUCKER FOR SENATE,27823,200
GARLAND TUCKER FOR SENATE,27835,500
GARLAND TUCKER FOR SENATE,27850,1000
GARLAND TUCKER FOR SENATE,27856,250
GARLAND TUCKER FOR SENATE,27858,2775
GARLAND TUCKER FOR SENATE,27883,250
GARLAND TUCKER FOR SENATE,27886,500
GARLAND TUCKER FOR SENATE,27889,500
GARLAND TUCKER FOR SENATE,27893,4150
GARLAND TUCKER FOR SENATE,27894,2000
GARLAND TUCKER FOR SENATE,27895,2800
GARLAND TUCKER FOR SENATE,27896,2950
GARLAND TUCKER FOR SENATE,27944,200
GARLAND TUCKER FOR SENATE,28031,500
GARLAND TUCKER FOR SENATE,28078,200
GARLAND TUCKER FOR SENATE,28081,500
GARLAND TUCKER FOR SENATE,28144,250
GARLAND TUCKER FOR SENATE,28145,2000
GARLAND TUCKER FOR SENATE,28203,250
GARLAND TUCKER FOR SENATE,28205,750
GARLAND TUCKER FOR SENATE,28207,3125
GARLAND TUCKER FOR SENATE,28209,1000
GARLAND TUCKER FOR SENATE,28210,500
GARLAND TUCKER FOR SENATE,28211,11725
GARLAND TUCKER FOR SENATE,28216,1000
GARLAND TUCKER FOR SENATE,28226,2000
GARLAND TUCKER FOR SENATE,28227,500
GARLAND TUCKER FOR SENATE,28270,250
GARLAND TUCKER FOR SENATE,28277,750
GARLAND TUCKER FOR SENATE,28302,500
GARLAND TUCKER FOR SENATE,28303,3850
GARLAND TUCKER FOR SENATE,28305,500
GARLAND TUCKER FOR SENATE,28314,750
GARLAND TUCKER FOR SENATE,28370,250
GARLAND TUCKER FOR SENATE,28374,2800
GARLAND TUCKER FOR SENATE,28403,200
GARLAND TUCKER FOR SENATE,28404,250
GARLAND TUCKER FOR SENATE,28405,5400
GARLAND TUCKER FOR SENATE,28411,3081.04
GARLAND TUCKER FOR SENATE,28412,150
GARLAND TUCKER FOR SENATE,28429,110
GARLAND TUCKER FOR SENATE,28461,225
GARLAND TUCKER FOR SENATE,28480,3750
GARLAND TUCKER FOR SENATE,28501,1000
GARLAND TUCKER FOR SENATE,28512,1000
GARLAND TUCKER FOR SENATE,28516,250
GARLAND TUCKER FOR SENATE,28557,5850
GARLAND TUCKER FOR SENATE,28562,200
GARLAND TUCKER FOR SENATE,28570,500
GARLAND TUCKER FOR SENATE,28584,250
GARLAND TUCKER FOR SENATE,28601,13450
GARLAND TUCKER FOR SENATE,28602,250
GARLAND TUCKER FOR SENATE,28605,9500
GARLAND TUCKER FOR SENATE,28607,250
GARLAND TUCKER FOR SENATE,28613,500
GARLAND TUCKER FOR SENATE,28621,310
GARLAND TUCKER FOR SENATE,28625,250
GARLAND TUCKER FOR SENATE,28630,100
GARLAND TUCKER FOR SENATE,28645,100
GARLAND TUCKER FOR SENATE,28646,350
GARLAND TUCKER FOR SENATE,28655,150
GARLAND TUCKER FOR SENATE,28664,500
GARLAND TUCKER FOR SENATE,28692,2000
GARLAND TUCKER FOR SENATE,28711,200
GARLAND TUCKER FOR SENATE,28732,2800
GARLAND TUCKER FOR SENATE,28744,2000
GARLAND TUCKER FOR SENATE,28777,2000
GARLAND TUCKER FOR SENATE,28803,250
GARLAND TUCKER FOR SENATE,28804,1000
GARLAND TUCKER FOR SENATE,29020,1000
GARLAND TUCKER FOR SENATE,29466,5850
GARLAND TUCKER FOR SENATE,29928,1000
GARLAND TUCKER FOR SENATE,32963,5600
GARLAND TUCKER FOR SENATE,33480,2000
GARLAND TUCKER FOR SENATE,33611,1000
GARLAND TUCKER FOR SENATE,33898,250
GARLAND TUCKER FOR SENATE,33957,250
GARLAND TUCKER FOR SENATE,35213,700
GARLAND TUCKER FOR SENATE,36064,2000
GARLAND TUCKER FOR SENATE,40361,2000
GARLAND TUCKER FOR SENATE,44122,225
GARLAND TUCKER FOR SENATE,48034,250
GARLAND TUCKER FOR SENATE,70130,1000
GARLAND TUCKER FOR SENATE,75074,1000
GARLAND TUCKER FOR SENATE,75205,1000
GARLAND TUCKER FOR SENATE,76906,250
GARLAND TUCKER FOR SENATE,77098,250
GARLAND TUCKER FOR SENATE,80231,2800
GARLAND TUCKER FOR SENATE,91910,400
MANSFIELD FOR NORTH CAROLINA,00803,1000
MANSFIELD FOR NORTH CAROLINA,02238,60425
MANSFIELD FOR NORTH CAROLINA,11211,2700
MANSFIELD FOR NORTH CAROLINA,16803,500
MANSFIELD FOR NORTH CAROLINA,20716,350
MANSFIELD FOR NORTH CAROLINA,27215,250
MANSFIELD FOR NORTH CAROLINA,27510,250
MANSFIELD FOR NORTH CAROLINA,27512,1000
MANSFIELD FOR NORTH CAROLINA,27514,3950
MANSFIELD FOR NORTH CAROLINA,27516,3550
MANSFIELD FOR NORTH CAROLINA,27517,2000
MANSFIELD FOR NORTH CAROLINA,27529,500
MANSFIELD FOR NORTH CAROLINA,27587,500
MANSFIELD FOR NORTH CAROLINA,27592,2000
MANSFIELD FOR NORTH CAROLINA,27596,250
MANSFIELD FOR NORTH CAROLINA,27604,500
MANSFIELD FOR NORTH CAROLINA,27605,216.72
MANSFIELD FOR NORTH CAROLINA,27609,500
MANSFIELD FOR NORTH CAROLINA,27612,1500
MANSFIELD FOR NORTH CAROLINA,27615,500
MANSFIELD FOR NORTH CAROLINA,27617,2000
MANSFIELD FOR NORTH CAROLINA,27701,2700
MANSFIELD FOR NORTH CAROLINA,27705,6600
MANSFIELD FOR NORTH CAROLINA,27707,750
MANSFIELD FOR NORTH CAROLINA,27709,250
MANSFIELD FOR NORTH CAROLINA,27712,500
MANSFIELD FOR NORTH CAROLINA,27834,250
MANSFIELD FOR NORTH CAROLINA,27893,350
MANSFIELD FOR NORTH CAROLINA,27959,500
MANSFIELD FOR NORTH CAROLINA,28002,300
MANSFIELD FOR NORTH CAROLINA,28211,250
MANSFIELD FOR NORTH CAROLINA,28301,5600
MANSFIELD FOR NORTH CAROLINA,28302,250
MANSFIELD FOR NORTH CAROLINA,28303,9400
MANSFIELD FOR NORTH CAROLINA,28304,4750
MANSFIELD FOR NORTH CAROLINA,28305,1750
MANSFIELD FOR NORTH CAROLINA,28306,4550
MANSFIELD FOR NORTH CAROLINA,28311,8550
MANSFIELD FOR NORTH CAROLINA,28312,900
MANSFIELD FOR NORTH CAROLINA,28314,9700
MANSFIELD FOR NORTH CAROLINA,28345,250
MANSFIELD FOR NORTH CAROLINA,28348,1175
MANSFIELD FOR NORTH CAROLINA,28358,500
MANSFIELD FOR NORTH CAROLINA,28374,500
MANSFIELD FOR NORTH CAROLINA,28376,500
MANSFIELD FOR NORTH CAROLINA,28377,500
MANSFIELD FOR NORTH CAROLINA,28387,250
MANSFIELD FOR NORTH CAROLINA,28399,500
MANSFIELD FOR NORTH CAROLINA,28540,250
MANSFIELD FOR NORTH CAROLINA,28601,1000
MANSFIELD FOR NORTH CAROLINA,29501,500
MANSFIELD FOR NORTH CAROLINA,31820,2500
MANSFIELD FOR NORTH CAROLINA,31904,2950
MANSFIELD FOR NORTH CAROLINA,31906,1000
MANSFIELD FOR NORTH CAROLINA,32034,2800
MANSFIELD FOR NORTH CAROLINA,32257,1000
MANSFIELD FOR NORTH CAROLINA,78259,1000
THOM TILLIS COMMITTEE,01742,5600
THOM TILLIS COMMITTEE,02111,1500
THOM TILLIS COMMITTEE,02118,1500
THOM TILLIS COMMITTEE,02468,1000
THOM TILLIS COMMITTEE,02649,1250
THOM TILLIS COMMITTEE,02912,2800
THOM TILLIS COMMITTEE,03254,1000
THOM TILLIS COMMITTEE,05254,1500
THOM TILLIS COMMITTEE,06340,2700
THOM TILLIS COMMITTEE,06824,5300
THOM TILLIS COMMITTEE,06840,8400
THOM TILLIS COMMITTEE,06880,2800
THOM TILLIS COMMITTEE,06883,5000
THOM TILLIS COMMITTEE,06901,9000
THOM TILLIS COMMITTEE,06903,2500
THOM TILLIS COMMITTEE,07030,2500
THOM TILLIS COMMITTEE,07039,2500
THOM TILLIS COMMITTEE,07043,2000
THOM TILLIS COMMITTEE,07052,2000
THOM TILLIS COMMITTEE,07078,100
THOM TILLIS COMMITTEE,07079,1000
THOM TILLIS COMMITTEE,07090,5300
THOM TILLIS COMMITTEE,07102,10000
THOM TILLIS COMMITTEE,07417,5600
THOM TILLIS COMMITTEE,07450,5000
THOM TILLIS COMMITTEE,07656,1250
THOM TILLIS COMMITTEE,07666,2500
THOM TILLIS COMMITTEE,07733,1000
THOM TILLIS COMMITTEE,07739,2500
THOM TILLIS COMMITTEE,07746,1000
THOM TILLIS COMMITTEE,07760,2500
THOM TILLIS COMMITTEE,07869,1500
THOM TILLIS COMMITTEE,07934,1000
THOM TILLIS COMMITTEE,07940,3800
THOM TILLIS COMMITTEE,07960,7800
THOM TILLIS COMMITTEE,08534,1750
THOM TILLIS COMMITTEE,08753,1500
THOM TILLIS COMMITTEE,08831,2500
THOM TILLIS COMMITTEE,08850,1000
THOM TILLIS COMMITTEE,10003,10000
THOM TILLIS COMMITTEE,10004,1500
THOM TILLIS COMMITTEE,10006,5600
THOM TILLIS COMMITTEE,10007,2500
THOM TILLIS COMMITTEE,10010,4000
THOM TILLIS COMMITTEE,10011,8100
THOM TILLIS COMMITTEE,10013,3500
THOM TILLIS COMMITTEE,10014,10300
THOM TILLIS COMMITTEE,10016,3000
THOM TILLIS COMMITTEE,10017,4000
THOM TILLIS COMMITTEE,10021,18200
THOM TILLIS COMMITTEE,10022,13700
THOM TILLIS COMMITTEE,10023,11500
THOM TILLIS COMMITTEE,10024,10500
THOM TILLIS COMMITTEE,10025,6000
THOM TILLIS COMMITTEE,10028,7300
THOM TILLIS COMMITTEE,10055,5600
THOM TILLIS COMMITTEE,10065,500
THOM TILLIS COMMITTEE,10128,7600
THOM TILLIS COMMITTEE,10154,5600
THOM TILLIS COMMITTEE,10280,2800
THOM TILLIS COMMITTEE,10282,11200
THOM TILLIS COMMITTEE,10305,150
THOM TILLIS COMMITTEE,10504,2500
THOM TILLIS COMMITTEE,10528,2500
THOM TILLIS COMMITTEE,10538,2500
THOM TILLIS COMMITTEE,10543,5000
THOM TILLIS COMMITTEE,10580,2500
THOM TILLIS COMMITTEE,10583,12700
THOM TILLIS COMMITTEE,10801,5650
THOM TILLIS COMMITTEE,11023,2500
THOM TILLIS COMMITTEE,11050,3500
THOM TILLIS COMMITTEE,11201,1500
THOM TILLIS COMMITTEE,11232,1850
THOM TILLIS COMMITTEE,11516,2500
THOM TILLIS COMMITTEE,11568,2500
THOM TILLIS COMMITTEE,11598,2500
THOM TILLIS COMMITTEE,11722,250
THOM TILLIS COMMITTEE,11724,5600
THOM TILLIS COMMITTEE,11768,2500
THOM TILLIS COMMITTEE,11787,2000
THOM TILLIS COMMITTEE,18901,280
THOM TILLIS COMMITTEE,18938,50
THOM TILLIS COMMITTEE,19003,2000
THOM TILLIS COMMITTEE,19041,1500
THOM TILLIS COMMITTEE,19348,250
THOM TILLIS COMMITTEE,20001,6880
THOM TILLIS COMMITTEE,20002,20525
THOM TILLIS COMMITTEE,20003,15500
THOM TILLIS COMMITTEE,20005,2500
THOM TILLIS COMMITTEE,20007,5250
THOM TILLIS COMMITTEE,20009,4500
THOM TILLIS COMMITTEE,20015,5000
THOM TILLIS COMMITTEE,20016,4500
THOM TILLIS COMMITTEE,20017,2800
THOM TILLIS COMMITTEE,20024,500
THOM TILLIS COMMITTEE,20036,6800
THOM TILLIS COMMITTEE,20037,1500
THOM TILLIS COMMITTEE,20171,1000
THOM TILLIS COMMITTEE,20176,1500
THOM TILLIS COMMITTEE,20184,2800
THOM TILLIS COMMITTEE,20190,2500
THOM TILLIS COMMITTEE,20751,5200
THOM TILLIS COMMITTEE,20814,1500
THOM TILLIS COMMITTEE,20816,1500
THOM TILLIS COMMITTEE,20817,2000
THOM TILLIS COMMITTEE,20854,14400
THOM TILLIS COMMITTEE,20895,500
THOM TILLIS COMMITTEE,21032,500
THOM TILLIS COMMITTEE,21401,5000
THOM TILLIS COMMITTEE,21601,2500
THOM TILLIS COMMITTEE,22003,1000
THOM TILLIS COMMITTEE,22010,1000
THOM TILLIS COMMITTEE,22031,1000
THOM TILLIS COMMITTEE,22032,1000
THOM TILLIS COMMITTEE,22033,1000
THOM TILLIS COMMITTEE,22039,1000
THOM TILLIS COMMITTEE,22041,1250
THOM TILLIS COMMITTEE,22043,1000
THOM TILLIS COMMITTEE,22066,2800
THOM TILLIS COMMITTEE,22101,31400
THOM TILLIS COMMITTEE,22102,1200
THOM TILLIS COMMITTEE,22180,3500
THOM TILLIS COMMITTEE,22201,1250
THOM TILLIS COMMITTEE,22202,5000
THOM TILLIS COMMITTEE,22204,500
THOM TILLIS COMMITTEE,22205,2500
THOM TILLIS COMMITTEE,22206,500
THOM TILLIS COMMITTEE,22207,13633.22
THOM TILLIS COMMITTEE,22209,2500
THOM TILLIS COMMITTEE,22219,117978.88
THOM TILLIS COMMITTEE,22301,500
THOM TILLIS COMMITTEE,22302,12600
THOM TILLIS COMMITTEE,22304,6100
THOM TILLIS COMMITTEE,22305,3000
THOM TILLIS COMMITTEE,22307,19300
THOM TILLIS COMMITTEE,22308,4075
THOM TILLIS COMMITTEE,22310,500
THOM TILLIS COMMITTEE,22313,1000
THOM TILLIS COMMITTEE,22314,16850
THOM TILLIS COMMITTEE,23113,2800
THOM TILLIS COMMITTEE,23219,4550
THOM TILLIS COMMITTEE,23220,2916.96
THOM TILLIS COMMITTEE,23221,2000
THOM TILLIS COMMITTEE,23226,1000
THOM TILLIS COMMITTEE,23229,4800
THOM TILLIS COMMITTEE,23322,1000
THOM TILLIS COMMITTEE,23452,500
THOM TILLIS COMMITTEE,23454,3000
THOM TILLIS COMMITTEE,23860,1000
THOM TILLIS COMMITTEE,24014,6600
THOM TILLIS COMMITTEE,27006,5700
THOM TILLIS COMMITTEE,27012,3500
THOM TILLIS COMMITTEE,27023,10600
THOM TILLIS COMMITTEE,27028,100
THOM TILLIS COMMITTEE,27030,750
THOM TILLIS COMMITTEE,27045,400
THOM TILLIS COMMITTEE,27048,300
THOM TILLIS COMMITTEE,27101,5400
THOM TILLIS COMMITTEE,27103,15000
THOM TILLIS COMMITTEE,27104,30775
THOM TILLIS COMMITTEE,27106,49600
THOM TILLIS COMMITTEE,27114,555
THOM TILLIS COMMITTEE,27127,250
THOM TILLIS COMMITTEE,27205,1250
THOM TILLIS COMMITTEE,27215,4000
THOM TILLIS COMMITTEE,27216,5000
THOM TILLIS COMMITTEE,27235,100
THOM TILLIS COMMITTEE,27242,500
THOM TILLIS COMMITTEE,27244,100
THOM TILLIS COMMITTEE,27260,10300
THOM TILLIS COMMITTEE,27262,1250
THOM TILLIS COMMITTEE,27278,250
THOM TILLIS COMMITTEE,27282,100
THOM TILLIS COMMITTEE,27283,1000
THOM TILLIS COMMITTEE,27295,70
THOM TILLIS COMMITTEE,27298,200
THOM TILLIS COMMITTEE,27312,1000
THOM TILLIS COMMITTEE,27313,500
THOM TILLIS COMMITTEE,27317,600
THOM TILLIS COMMITTEE,27325,300
THOM TILLIS COMMITTEE,27330,6750
THOM TILLIS COMMITTEE,27331,9600
THOM TILLIS COMMITTEE,27332,1585
THOM TILLIS COMMITTEE,27360,300
THOM TILLIS COMMITTEE,27403,750
THOM TILLIS COMMITTEE,27405,500
THOM TILLIS COMMITTEE,27406,1300
THOM TILLIS COMMITTEE,27407,2850
THOM TILLIS COMMITTEE,27408,1450
THOM TILLIS COMMITTEE,27410,2750
THOM TILLIS COMMITTEE,27455,5000
THOM TILLIS COMMITTEE,27511,3170
THOM TILLIS COMMITTEE,27513,2350
THOM TILLIS COMMITTEE,27514,1000
THOM TILLIS COMMITTEE,27515,600
THOM TILLIS COMMITTEE,27516,3050
THOM TILLIS COMMITTEE,27517,10400
THOM TILLIS COMMITTEE,27518,5800
THOM TILLIS COMMITTEE,27519,250
THOM TILLIS COMMITTEE,27520,250
THOM TILLIS COMMITTEE,27523,1000
THOM TILLIS COMMITTEE,27525,1800
THOM TILLIS COMMITTEE,27526,2950
THOM TILLIS COMMITTEE,27527,4000
THOM TILLIS COMMITTEE,27529,250
THOM TILLIS COMMITTEE,27534,200
THOM TILLIS COMMITTEE,27536,200
THOM TILLIS COMMITTEE,27537,500
THOM TILLIS COMMITTEE,27539,500
THOM TILLIS COMMITTEE,27540,4425
THOM TILLIS COMMITTEE,27549,200
THOM TILLIS COMMITTEE,27560,1100
THOM TILLIS COMMITTEE,27568,100
THOM TILLIS COMMITTEE,27569,100
THOM TILLIS COMMITTEE,27573,300
THOM TILLIS COMMITTEE,27574,500
THOM TILLIS COMMITTEE,27587,1800
THOM TILLIS COMMITTEE,27601,100
THOM TILLIS COMMITTEE,27604,500
THOM TILLIS COMMITTEE,27605,8200
THOM TILLIS COMMITTEE,27606,2850
THOM TILLIS COMMITTEE,27607,9600
THOM TILLIS COMMITTEE,27608,17250
THOM TILLIS COMMITTEE,27609,26290
THOM TILLIS COMMITTEE,27612,4200
THOM TILLIS COMMITTEE,27613,3300
THOM TILLIS COMMITTEE,27614,12800
THOM TILLIS COMMITTEE,27615,11550
THOM TILLIS COMMITTEE,27617,3000
THOM TILLIS COMMITTEE,27628,2552
THOM TILLIS COMMITTEE,27703,2450
THOM TILLIS COMMITTEE,27704,250
THOM TILLIS COMMITTEE,27705,500
THOM TILLIS COMMITTEE,27707,12950
THOM TILLIS COMMITTEE,27712,450
THOM TILLIS COMMITTEE,27713,1375
THOM TILLIS COMMITTEE,27803,1000
THOM TILLIS COMMITTEE,27804,6900
THOM TILLIS COMMITTEE,27834,1100
THOM TILLIS COMMITTEE,27835,2500
THOM TILLIS COMMITTEE,27836,100
THOM TILLIS COMMITTEE,27850,1000
THOM TILLIS COMMITTEE,27858,7200
THOM TILLIS COMMITTEE,27865,100
THOM TILLIS COMMITTEE,27885,150
THOM TILLIS COMMITTEE,27895,1000
THOM TILLIS COMMITTEE,27909,200
THOM TILLIS COMMITTEE,27932,150
THOM TILLIS COMMITTEE,27948,750
THOM TILLIS COMMITTEE,28001,2500
THOM TILLIS COMMITTEE,28027,250
THOM TILLIS COMMITTEE,28031,23700
THOM TILLIS COMMITTEE,28036,1400
THOM TILLIS COMMITTEE,28037,100
THOM TILLIS COMMITTEE,28054,1285
THOM TILLIS COMMITTEE,28070,300
THOM TILLIS COMMITTEE,28075,2100
THOM TILLIS COMMITTEE,28078,10363.58
THOM TILLIS COMMITTEE,28081,10000
THOM TILLIS COMMITTEE,28082,600
THOM TILLIS COMMITTEE,28092,1900
THOM TILLIS COMMITTEE,28101,1000
THOM TILLIS COMMITTEE,28103,250
THOM TILLIS COMMITTEE,28104,2550
THOM TILLIS COMMITTEE,28105,5550
THOM TILLIS COMMITTEE,28115,4800
THOM TILLIS COMMITTEE,28117,17750
THOM TILLIS COMMITTEE,28123,1000
THOM TILLIS COMMITTEE,28127,500
THOM TILLIS COMMITTEE,28133,75
THOM TILLIS COMMITTEE,28134,450
THOM TILLIS COMMITTEE,28138,200
THOM TILLIS COMMITTEE,28144,1750
THOM TILLIS COMMITTEE,28146,500
THOM TILLIS COMMITTEE,28147,200
THOM TILLIS COMMITTEE,28150,250
THOM TILLIS COMMITTEE,28152,200
THOM TILLIS COMMITTEE,28166,650
THOM TILLIS COMMITTEE,28168,50
THOM TILLIS COMMITTEE,28173,6550
THOM TILLIS COMMITTEE,28201,2000
THOM TILLIS COMMITTEE,28202,5300
THOM TILLIS COMMITTEE,28203,4800
THOM TILLIS COMMITTEE,28204,11300
THOM TILLIS COMMITTEE,28205,3300
THOM TILLIS COMMITTEE,28207,56490
THOM TILLIS COMMITTEE,28209,3350
THOM TILLIS COMMITTEE,28210,20450
THOM TILLIS COMMITTEE,28211,36225
THOM TILLIS COMMITTEE,28215,1100
THOM TILLIS COMMITTEE,28216,1000
THOM TILLIS COMMITTEE,28217,7300
THOM TILLIS COMMITTEE,28219,2800
THOM TILLIS COMMITTEE,28226,35100
THOM TILLIS COMMITTEE,28230,2600
THOM TILLIS COMMITTEE,28231,50
THOM TILLIS COMMITTEE,28235,1000
THOM TILLIS COMMITTEE,28247,1500
THOM TILLIS COMMITTEE,28262,2000
THOM TILLIS COMMITTEE,28269,2650
THOM TILLIS COMMITTEE,28270,3000
THOM TILLIS COMMITTEE,28273,6600
THOM TILLIS COMMITTEE,28277,18100
THOM TILLIS COMMITTEE,28301,5000
THOM TILLIS COMMITTEE,28302,2800
THOM TILLIS COMMITTEE,28303,20350
THOM TILLIS COMMITTEE,28304,5700
THOM TILLIS COMMITTEE,28305,9300
THOM TILLIS COMMITTEE,28306,3800
THOM TILLIS COMMITTEE,28307,200
THOM TILLIS COMMITTEE,28309,1100
THOM TILLIS COMMITTEE,28311,2600
THOM TILLIS COMMITTEE,28312,500
THOM TILLIS COMMITTEE,28314,3075
THOM TILLIS COMMITTEE,28328,6300
THOM TILLIS COMMITTEE,28334,51
THOM TILLIS COMMITTEE,28337,3100
THOM TILLIS COMMITTEE,28352,500
THOM TILLIS COMMITTEE,28358,1000
THOM TILLIS COMMITTEE,28374,15670.43
THOM TILLIS COMMITTEE,28387,400
THOM TILLIS COMMITTEE,28391,250
THOM TILLIS COMMITTEE,28394,500
THOM TILLIS COMMITTEE,28403,27750
THOM TILLIS COMMITTEE,28405,5825
THOM TILLIS COMMITTEE,28406,4000
THOM TILLIS COMMITTEE,28409,7550
THOM TILLIS COMMITTEE,28411,9500
THOM TILLIS COMMITTEE,28429,75
THOM TILLIS COMMITTEE,28443,250
THOM TILLIS COMMITTEE,28460,500
THOM TILLIS COMMITTEE,28461,300
THOM TILLIS COMMITTEE,28465,250
THOM TILLIS COMMITTEE,28472,1000
THOM TILLIS COMMITTEE,28480,400
THOM TILLIS COMMITTEE,28501,254.28
THOM TILLIS COMMITTEE,28504,4300
THOM TILLIS COMMITTEE,28513,100
THOM TILLIS COMMITTEE,28530,200
THOM TILLIS COMMITTEE,28538,250
THOM TILLIS COMMITTEE,28540,4300
THOM TILLIS COMMITTEE,28541,100
THOM TILLIS COMMITTEE,28546,4700
THOM TILLIS COMMITTEE,28560,100
THOM TILLIS COMMITTEE,28562,1350
THOM TILLIS COMMITTEE,28571,100
THOM TILLIS COMMITTEE,28586,100
THOM TILLIS COMMITTEE,28590,1750
THOM TILLIS COMMITTEE,28594,500
THOM TILLIS COMMITTEE,28601,2350
THOM TILLIS COMMITTEE,28602,1595
THOM TILLIS COMMITTEE,28603,1650
THOM TILLIS COMMITTEE,28605,500
THOM TILLIS COMMITTEE,28612,200
THOM TILLIS COMMITTEE,28613,2250
THOM TILLIS COMMITTEE,28645,1200
THOM TILLIS COMMITTEE,28657,100
THOM TILLIS COMMITTEE,28658,700
THOM TILLIS COMMITTEE,28659,600
THOM TILLIS COMMITTEE,28673,250
THOM TILLIS COMMITTEE,28677,100
THOM TILLIS COMMITTEE,28681,450
THOM TILLIS COMMITTEE,28697,1000
THOM TILLIS COMMITTEE,28711,1100
THOM TILLIS COMMITTEE,28712,200
THOM TILLIS COMMITTEE,28731,250
THOM TILLIS COMMITTEE,28739,1150
THOM TILLIS COMMITTEE,28747,500
THOM TILLIS COMMITTEE,28751,250
THOM TILLIS COMMITTEE,28752,500
THOM TILLIS COMMITTEE,28761,600
THOM TILLIS COMMITTEE,28771,200
THOM TILLIS COMMITTEE,28777,500
THOM TILLIS COMMITTEE,28778,500
THOM TILLIS COMMITTEE,28801,2000
THOM TILLIS COMMITTEE,28802,500
THOM TILLIS COMMITTEE,28803,1000
THOM TILLIS COMMITTEE,28804,500
THOM TILLIS COMMITTEE,28813,1500
THOM TILLIS COMMITTEE,28902,1000
THOM TILLIS COMMITTEE,28906,225
THOM TILLIS COMMITTEE,29063,250
THOM TILLIS COMMITTEE,29302,1500
THOM TILLIS COMMITTEE,29566,1350
THOM TILLIS COMMITTEE,29576,100
THOM TILLIS COMMITTEE,29582,1350
THOM TILLIS COMMITTEE,29601,1000
THOM TILLIS COMMITTEE,29676,200
THOM TILLIS COMMITTEE,29681,125
THOM TILLIS COMMITTEE,29707,500
THOM TILLIS COMMITTEE,29730,1000
THOM TILLIS COMMITTEE,29801,260
THOM TILLIS COMMITTEE,30110,1000
THOM TILLIS COMMITTEE,30305,2800
THOM TILLIS COMMITTEE,30309,1000
THOM TILLIS COMMITTEE,30327,1000
THOM TILLIS COMMITTEE,30336,1000
THOM TILLIS COMMITTEE,30342,500
THOM TILLIS COMMITTEE,30606,2000
THOM TILLIS COMMITTEE,30677,500
THOM TILLIS COMMITTEE,31405,525
THOM TILLIS COMMITTEE,31768,250
THOM TILLIS COMMITTEE,32092,370
THOM TILLIS COMMITTEE,32169,2800
THOM TILLIS COMMITTEE,32301,2800
THOM TILLIS COMMITTEE,32686,1000
THOM TILLIS COMMITTEE,32776,50
THOM TILLIS COMMITTEE,32789,5600
THOM TILLIS COMMITTEE,32819,50
THOM TILLIS COMMITTEE,32963,11200
THOM TILLIS COMMITTEE,33067,3500
THOM TILLIS COMMITTEE,33133,700
THOM TILLIS COMMITTEE,33137,5600
THOM TILLIS COMMITTEE,33316,50
THOM TILLIS COMMITTEE,33446,500
THOM TILLIS COMMITTEE,33462,1000
THOM TILLIS COMMITTEE,33477,100
THOM TILLIS COMMITTEE,33480,2700
THOM TILLIS COMMITTEE,33556,4000
THOM TILLIS COMMITTEE,34103,5600
THOM TILLIS COMMITTEE,34106,300
THOM TILLIS COMMITTEE,34242,11200
THOM TILLIS COMMITTEE,36427,1000
THOM TILLIS COMMITTEE,37205,1000
THOM TILLIS COMMITTEE,37752,4000
THOM TILLIS COMMITTEE,37939,10800
THOM TILLIS COMMITTEE,38076,1000
THOM TILLIS COMMITTEE,38112,300
THOM TILLIS COMMITTEE,38120,2800
THOM TILLIS COMMITTEE,39110,1000
THOM TILLIS COMMITTEE,39154,5200
THOM TILLIS COMMITTEE,39194,1000
THOM TILLIS COMMITTEE,39232,2700
THOM TILLIS COMMITTEE,39705,1000
THOM TILLIS COMMITTEE,40027,1500
THOM TILLIS COMMITTEE,44022,11200
THOM TILLIS COMMITTEE,44122,11200
THOM TILLIS COMMITTEE,44146,2000
THOM TILLIS COMMITTEE,44256,5400
THOM TILLIS COMMITTEE,47715,5600
THOM TILLIS COMMITTEE,48098,2000
THOM TILLIS COMMITTEE,48168,2800
THOM TILLIS COMMITTEE,48178,2800
THOM TILLIS COMMITTEE,48323,2800
THOM TILLIS COMMITTEE,48823,200
THOM TILLIS COMMITTEE,48843,500
THOM TILLIS COMMITTEE,53058,15
THOM TILLIS COMMITTEE,53562,2000
THOM TILLIS COMMITTEE,55440,5600
THOM TILLIS COMMITTEE,58103,500
THOM TILLIS COMMITTEE,60010,12200
THOM TILLIS COMMITTEE,60025,1000
THOM TILLIS COMMITTEE,60045,5600
THOM TILLIS COMMITTEE,60067,5600
THOM TILLIS COMMITTEE,60091,1000
THOM TILLIS COMMITTEE,60126,5600
THOM TILLIS COMMITTEE,60515,1000
THOM TILLIS COMMITTEE,60523,2800
THOM TILLIS COMMITTEE,60602,2800
THOM TILLIS COMMITTEE,60605,2800
THOM TILLIS COMMITTEE,60606,5600
THOM TILLIS COMMITTEE,60611,19500
THOM TILLIS COMMITTEE,60614,7800
THOM TILLIS COMMITTEE,63124,1000
THOM TILLIS COMMITTEE,63131,4000
THOM TILLIS COMMITTEE,64057,75
THOM TILLIS COMMITTEE,65355,60
THOM TILLIS COMMITTEE,68022,100
THOM TILLIS COMMITTEE,68526,50
THOM TILLIS COMMITTEE,70003,1000
THOM TILLIS COMMITTEE,70065,250
THOM TILLIS COMMITTEE,70448,2700
THOM TILLIS COMMITTEE,70471,5400
THOM TILLIS COMMITTEE,70808,1000
THOM TILLIS COMMITTEE,72221,5600
THOM TILLIS COMMITTEE,73025,1000
THOM TILLIS COMMITTEE,73101,5600
THOM TILLIS COMMITTEE,74105,500
THOM TILLIS COMMITTEE,74133,1000
THOM TILLIS COMMITTEE,75033,2700
THOM TILLIS COMMITTEE,75056,5800
THOM TILLIS COMMITTEE,75069,4000
THOM TILLIS COMMITTEE,75201,5600
THOM TILLIS COMMITTEE,75202,1000
THOM TILLIS COMMITTEE,75205,5600
THOM TILLIS COMMITTEE,75206,2800
THOM TILLIS COMMITTEE,75219,11200
THOM TILLIS COMMITTEE,75220,5000
THOM TILLIS COMMITTEE,75225,5300
THOM TILLIS COMMITTEE,75243,2800
THOM TILLIS COMMITTEE,76905,1000
THOM TILLIS COMMITTEE,77005,1000
THOM TILLIS COMMITTEE,77019,2800
THOM TILLIS COMMITTEE,77079,250
THOM TILLIS COMMITTEE,77380,75
THOM TILLIS COMMITTEE,77381,87.22
THOM TILLIS COMMITTEE,78023,5600
THOM TILLIS COMMITTEE,78209,250
THOM TILLIS COMMITTEE,78258,8100
THOM TILLIS COMMITTEE,78580,2800
THOM TILLIS COMMITTEE,78701,11.11
THOM TILLIS COMMITTEE,78731,1000
THOM TILLIS COMMITTEE,79913,1000
THOM TILLIS COMMITTEE,80111,1000
THOM TILLIS COMMITTEE,80237,1000
THOM TILLIS COMMITTEE,81620,1405.55
THOM TILLIS COMMITTEE,84020,5600
THOM TILLIS COMMITTEE,84098,6600
THOM TILLIS COMMITTEE,85018,1000
THOM TILLIS COMMITTEE,87505,250
THOM TILLIS COMMITTEE,88355,250
THOM TILLIS COMMITTEE,89109,11200
THOM TILLIS COMMITTEE,89137,11200
THOM TILLIS COMMITTEE,89145,11200
THOM TILLIS COMMITTEE,89451,25
THOM TILLIS COMMITTEE,90020,5400
THOM TILLIS COMMITTEE,90025,8400
THOM TILLIS COMMITTEE,90045,500
THOM TILLIS COMMITTEE,90049,2800
THOM TILLIS COMMITTEE,90266,10800
THOM TILLIS COMMITTEE,90272,250
THOM TILLIS COMMITTEE,90274,5500
THOM TILLIS COMMITTEE,91316,500
THOM TILLIS COMMITTEE,92067,5600
THOM TILLIS COMMITTEE,92071,1850
THOM TILLIS COMMITTEE,92325,250
THOM TILLIS COMMITTEE,92614,5600
THOM TILLIS COMMITTEE,93001,500
THOM TILLIS COMMITTEE,93428,250
THOM TILLIS COMMITTEE,94022,5600
THOM TILLIS COMMITTEE,94062,8200
THOM TILLIS COMMITTEE,94104,5600
THOM TILLIS COMMITTEE,94117,2700
THOM TILLIS COMMITTEE,94118,5600
THOM TILLIS COMMITTEE,94526,1000
THOM TILLIS COMMITTEE,94598,3535
THOM TILLIS COMMITTEE,94705,150
THOM TILLIS COMMITTEE,95355,50
THOM TILLIS COMMITTEE,95476,1000
THOM TILLIS COMMITTEE,97201,17800
THOM TILLIS COMMITTEE,97358,6600
THOM TILLIS COMMITTEE,97477,1000
THOM TILLIS COMMITTEE,98926,100
THOM TILLIS COMMITTEE,99224,100
